INSERT INTO `job` (id, title)
VALUES (1, 'GERENTE'),
       (2, 'CAJERO'),
       (3, 'COCINERO'),
       (4, 'MESERO');

INSERT INTO `persons` (id, name, lastname, phone)
VALUES (1, 'Admin', 'Test', '+51987654321'),
       (2, 'Pagos', 'Test', '+51999999999');

INSERT INTO `customers` (id, document_type, document_number, email, departament, province, district, complete_address)
VALUES (2, 'DNI','00000000', 'gportallinares21@gmail.com', 'LA LIBERTAD', 'TRUJILLO', 'TRUJILLO', 'AV. LOS INCAS 123');

INSERT INTO `user` (id, username, password, email, role)
VALUES (1, 'admin', '$2a$12$b8bevAwTSbkRUuWftiqli.aNmCzn5IFryaYgr8e1VWjbTCQWZtkE6', 'admin@email.com', 'ADMIN');

INSERT INTO `employees` (salary, id, job_id, user_id)
VALUES (0, 1, 1, 1);

INSERT INTO `product_type` (id, name)
VALUES (1, 'ENTRADAS'),
       (2, 'BEBIDAS'),
       (3, 'DESCARTABLES'),
       (4, 'SEGUNDOS'),
       (5, 'CARTA');

INSERT INTO `tables` (id, capacity, floor, number, status)
VALUES (1, 4, 1, 1, 'AVAILABLE'),
       (2, 4, 1, 2, 'AVAILABLE'),
       (3, 4, 1, 3, 'AVAILABLE'),
       (4, 4, 1, 4, 'AVAILABLE'),
       (5, 4, 1, 5, 'AVAILABLE'),
       (6, 4, 1, 6, 'AVAILABLE'),
       (7, 4, 1, 7, 'AVAILABLE'),
       (8, 4, 1, 8, 'AVAILABLE'),
       (9, 4, 1, 9, 'AVAILABLE'),
       (10, 4, 1, 10, 'AVAILABLE');

INSERT INTO `product` (id, active, available, description, name, price, product_type_id)
VALUES (1,
        1,
        1,
        'Crema color amarillo, preparada con leche, galleta, pan, queso, y mas',
        'HUANCAINA',
        5,
        1),
       (2,
        1,
        1,
        'Masa de yuca cocida rellena de carne sazonada y luego frita.',
        'YUCA RELLENA',
        5,
        1),
       (3,
        1,
        1,
        'Hecho a base de sangre de pollo cocida y sazonada con hierbas y especias.',
        'SANGRECITA',
        5,
        1),
       (4,
        1,
        1,
        'Bebida gasificada peruana en presentacion de 300ml',
        'INCA KOLA PERSONAL',
        3,
        2),
       (5,
        1,
        1,
        'Bebida gasificada peruana en presentacion de 1L',
        'INCA KOLA 1L',
        7,
        2),
       (6,
        1,
        1,
        'Carne de lomo de res salteada con sillao y especias',
        'LOMITO SALTADO',
        10,
        4),
       (7,
        1,
        1,
        'Caldo espeso preparado con arroz, culantro, pollo y verduras, sazonado con ají y hierbas frescas.',
        'AGUADITO',
        5,
        1),
       (8,
        1,
        1,
        'Plato frío a base de pescado fresco marinado en jugo de limón, cebolla roja, ají limo y culantro, acompañado con camote y cancha.',
        'CEVICHE',
        5,
        1),
       (9,
        1,
        1,
        'Ensalada fría preparada con papas, arvejas, zanahorias y mayonesa, a veces acompañada con huevo duro o betarraga',
        'ENSALADA RUSA',
        5,
        1),
       (10,
        1,
        1,
        'Caldo ligero con fideos delgados, papa, verduras y trozos de pollo o carne.',
        'SOPA DE FIDEO',
        5,
        1),
       (11,
        1,
        1,
        'Caldo casero preparado con sémola, huevo batido y hierbas, ideal como entrada suave.',
        'SOPA DE SEMOLA',
        5,
        1),
       (12,
        1,
        1,
        'Ensalada fresca con lechuga, tomate, pepino, zanahoria rallada y un toque de limón o vinagreta.',
        'ENSALADA MIXTA',
        5,
        1),
       (13,
        1,
        1,
        'Preparada con papas cocidas, arvejas y zanahorias en cubos, mezcladas con mayonesa.',
        'ENSALADA BLANCA',
        5,
        1),
       (14,
        1,
        1,
        'Guiso cremoso de gallina desmenuzada con ají amarillo y pan remojado',
        'AJI DE GALLINA',
        10,
        4),
       (15,
        1,
        1,
        'Filete empanizado y frito, crujiente por fuera y tierno por dentro.',
        'MILANESA',
        10,
        4),
       (16,
        1,
        1,
        'Gallina cocida lentamente en salsa criolla con especias.',
        'GALLINA GUISADA',
        10,
        4),
       (17,
        1,
        1,
        'Caigua cocida rellena de carne molida y condimentos tradicionales.',
        'CAIGUA RELLENA',
        10,
        4),
       (18,
        1,
        1,
        'Pollo crocante acompañado de papa amarilla sazonada con hierbas.',
        'POLLO FRITO C/ AJIACO',
        10,
        4),
       (19,
        1,
        1,
        'Pescado cocido al vapor con tomate, cebolla y especias.',
        'SUDADO DE PESCADO',
        10,
        4),
       (20,
        1,
        1,
        'Pollo frito bañado en salsa de vinagre con cebolla, ají y zanahoria.',
        'ESCABECHE DE POLLO',
        10,
        4),
       (21,
        1,
        1,
        'Carne de res cocinada en salsa oscura y especiada hasta quedar suave.',
        'ASADO DE RES',
        10,
        4),
       (22,
        1,
        1,
        'Arroz aromatizado con culantro acompañado de pollo jugoso.',
        'ARROZ VERDE C/ POLLO',
        10,
        4),
       (23,
        1,
        1,
        '',
        'TAPER GRANDE',
        1.5,
        3),
       (24, 1, 1, '', 'TAPER CHICO', 1, 3),
       (25, 1, 1, '', 'TAPER SOPA', 1, 3),
       (26,
        1,
        1,
        'Carne de cabrito guisada en salsa de chicha de jora con especias norteñas.',
        'CABRITO A LA NORTEÑA',
        15,
        5),
       (27,
        1,
        1,
        'Pato cocinado lentamente en salsa de culantro con arroz y yuca.',
        'PATO GUISADO',
        15,
        5),
       (28,
        1,
        1,
        'Lomo salteado servido con plátano frito, huevo y papas fritas.',
        'LOMITO A LO POBRE',
        12,
        5),
       (29,
        1,
        1,
        'Chuleta de cerdo dorada a la plancha con condimentos caseros.',
        'CHULETA DE CERDO',
        12,
        5),
       (30,
        1,
        1,
        'Trozos de pollo fritos hasta quedar dorados y crujientes con papas fritas',
        'CHICHARRON DE POLLO',
        13,
        5);

-- =====================================================
-- Inventario para bebidas y descartables
-- =====================================================

-- Crear registros en inventory para bebidas (tipo BEVERAGE)
INSERT INTO `inventory` (id, name, quantity, type, unit_of_measure)
VALUES
    (100, 'INCA KOLA PERSONAL', 0, 'BEVERAGE', 'UNIDAD'),
    (101, 'INCA KOLA 1L', 0, 'BEVERAGE', 'UNIDAD');

-- Crear registros en inventory para descartables (tipo DISPOSABLE)
INSERT INTO `inventory` (id, name, quantity, type, unit_of_measure)
VALUES
    (102, 'TAPER GRANDE', 0, 'DISPOSABLE', 'UNIDAD'),
    (103, 'TAPER CHICO', 0, 'DISPOSABLE', 'UNIDAD'),
    (104, 'TAPER SOPA', 0, 'DISPOSABLE', 'UNIDAD');

-- Relaciones product_inventory para bebidas
INSERT INTO `product_inventory` (product_id, inventory_id, quantity, unit_of_measure)
VALUES
    (4, 100, 1, 'UNIDAD'),
    (5, 101, 1, 'UNIDAD');

-- Relaciones product_inventory para descartables
INSERT INTO `product_inventory` (product_id, inventory_id, quantity, unit_of_measure)
VALUES
    (23, 102, 1, 'UNIDAD'),
    (24, 103, 1, 'UNIDAD'),
    (25, 104, 1, 'UNIDAD');